<?xml version="1.0" encoding="UTF-8"?>
<project-private xmlns="http://www.netbeans.org/ns/project-private/1">
    <editor-bookmarks xmlns="http://www.netbeans.org/ns/editor-bookmarks/2" lastBookmarkId="0"/>
    <open-files xmlns="http://www.netbeans.org/ns/projectui-open-files/2">
        <group>
            <file>file:/C:/Users/achaw/OneDrive/Documents/NetBeansProjects/CitySearch/web/index.html</file>
            <file>file:/C:/Users/achaw/OneDrive/Documents/NetBeansProjects/CitySearch/web/details.jsp</file>
            <file>file:/C:/Users/achaw/OneDrive/Documents/NetBeansProjects/CitySearch/src/java/FileUploadDBServlet.java</file>
            <file>file:/C:/Users/achaw/OneDrive/Documents/NetBeansProjects/CitySearch/web/admin_main.jsp</file>
        </group>
    </open-files>
</project-private>
